<?xml version="1.0" encoding="UTF-8"?>
<point_cloud version="1.2.0">
  <params>
    <dataType>uint8</dataType>
    <bands>
      <band label="Red"/>
      <band label="Green"/>
      <band label="Blue"/>
    </bands>
  </params>
  <tracks path="tracks.ply" count="76787"/>
  <points component_id="0" path="points0.ply" count="58907"/>
  <projections camera_id="0" path="p0.ply" count="2047"/>
  <projections camera_id="1" path="p1.ply" count="2694"/>
  <projections camera_id="2" path="p2.ply" count="2559"/>
  <projections camera_id="3" path="p3.ply" count="2701"/>
  <projections camera_id="4" path="p4.ply" count="2718"/>
  <projections camera_id="5" path="p5.ply" count="2811"/>
  <projections camera_id="6" path="p6.ply" count="2865"/>
  <projections camera_id="7" path="p7.ply" count="2873"/>
  <projections camera_id="8" path="p8.ply" count="3252"/>
  <projections camera_id="9" path="p9.ply" count="3521"/>
  <projections camera_id="10" path="p10.ply" count="3658"/>
  <projections camera_id="11" path="p11.ply" count="3451"/>
  <projections camera_id="12" path="p12.ply" count="3502"/>
  <projections camera_id="13" path="p13.ply" count="3076"/>
  <projections camera_id="14" path="p14.ply" count="2973"/>
  <projections camera_id="15" path="p15.ply" count="3469"/>
  <projections camera_id="16" path="p16.ply" count="3448"/>
  <projections camera_id="17" path="p17.ply" count="3165"/>
  <projections camera_id="18" path="p18.ply" count="3311"/>
  <projections camera_id="19" path="p19.ply" count="3406"/>
  <projections camera_id="20" path="p20.ply" count="3200"/>
  <projections camera_id="21" path="p21.ply" count="2887"/>
  <projections camera_id="22" path="p22.ply" count="3022"/>
  <projections camera_id="23" path="p23.ply" count="3360"/>
  <projections camera_id="24" path="p24.ply" count="3309"/>
  <projections camera_id="25" path="p25.ply" count="3311"/>
  <projections camera_id="26" path="p26.ply" count="3360"/>
  <projections camera_id="27" path="p27.ply" count="3564"/>
  <projections camera_id="28" path="p28.ply" count="3591"/>
  <projections camera_id="29" path="p29.ply" count="2948"/>
  <projections camera_id="30" path="p30.ply" count="3004"/>
  <projections camera_id="31" path="p31.ply" count="3277"/>
  <projections camera_id="32" path="p32.ply" count="3160"/>
  <projections camera_id="33" path="p33.ply" count="3416"/>
  <projections camera_id="34" path="p34.ply" count="3367"/>
  <projections camera_id="35" path="p35.ply" count="3281"/>
  <projections camera_id="36" path="p36.ply" count="3471"/>
  <projections camera_id="37" path="p37.ply" count="3024"/>
  <projections camera_id="38" path="p38.ply" count="3230"/>
  <projections camera_id="39" path="p39.ply" count="3802"/>
  <projections camera_id="40" path="p40.ply" count="3650"/>
  <projections camera_id="41" path="p41.ply" count="3500"/>
  <projections camera_id="42" path="p42.ply" count="3744"/>
  <projections camera_id="43" path="p43.ply" count="3433"/>
  <projections camera_id="44" path="p44.ply" count="3299"/>
  <projections camera_id="45" path="p45.ply" count="3409"/>
  <projections camera_id="46" path="p46.ply" count="3525"/>
  <projections camera_id="47" path="p47.ply" count="2985"/>
  <projections camera_id="48" path="p48.ply" count="3146"/>
  <projections camera_id="49" path="p49.ply" count="3313"/>
  <projections camera_id="50" path="p50.ply" count="3212"/>
  <projections camera_id="51" path="p51.ply" count="3431"/>
  <projections camera_id="52" path="p52.ply" count="3249"/>
  <projections camera_id="53" path="p53.ply" count="3182"/>
  <projections camera_id="54" path="p54.ply" count="3600"/>
  <projections camera_id="55" path="p55.ply" count="3190"/>
  <projections camera_id="56" path="p56.ply" count="3288"/>
  <projections camera_id="57" path="p57.ply" count="3874"/>
  <projections camera_id="58" path="p58.ply" count="3747"/>
  <projections camera_id="59" path="p59.ply" count="3871"/>
  <projections camera_id="60" path="p60.ply" count="4062"/>
  <projections camera_id="61" path="p61.ply" count="4000"/>
  <projections camera_id="62" path="p62.ply" count="3886"/>
  <projections camera_id="63" path="p63.ply" count="3775"/>
  <projections camera_id="64" path="p64.ply" count="3494"/>
  <projections camera_id="65" path="p65.ply" count="3948"/>
  <projections camera_id="66" path="p66.ply" count="4190"/>
  <projections camera_id="67" path="p67.ply" count="4000"/>
  <projections camera_id="68" path="p68.ply" count="2433"/>
  <meta>
    <property name="Info/LastSavedDateTime" value="2023:01:16 19:22:12"/>
    <property name="Info/LastSavedSoftwareVersion" value="2.0.0.15597"/>
    <property name="Info/OriginalDateTime" value="2023:01:16 19:20:29"/>
    <property name="Info/OriginalSoftwareVersion" value="2.0.0.15597"/>
    <property name="MatchPhotos/cameras" value=""/>
    <property name="MatchPhotos/descriptor_type" value="binary"/>
    <property name="MatchPhotos/descriptor_version" value="1.1.0"/>
    <property name="MatchPhotos/downscale" value="1"/>
    <property name="MatchPhotos/duration" value="8.536365"/>
    <property name="MatchPhotos/filter_stationary_points" value="true"/>
    <property name="MatchPhotos/generic_preselection" value="true"/>
    <property name="MatchPhotos/guided_matching" value="false"/>
    <property name="MatchPhotos/keep_keypoints" value="false"/>
    <property name="MatchPhotos/keypoint_limit" value="40000"/>
    <property name="MatchPhotos/keypoint_limit_per_mpx" value="1000"/>
    <property name="MatchPhotos/max_workgroup_size" value="100"/>
    <property name="MatchPhotos/ram_used" value="131792896"/>
    <property name="MatchPhotos/reference_preselection" value="true"/>
    <property name="MatchPhotos/reference_preselection_mode" value="0"/>
    <property name="MatchPhotos/reset_matches" value="false"/>
    <property name="MatchPhotos/subdivide_task" value="true"/>
    <property name="MatchPhotos/tiepoint_limit" value="4000"/>
    <property name="MatchPhotos/workitem_size_cameras" value="20"/>
    <property name="MatchPhotos/workitem_size_pairs" value="80"/>
  </meta>
</point_cloud>
