<?xml version="1.0" encoding="UTF-8"?>
<frame version="1.2.0">
  <cameras>
    <camera camera_id="0">
      <photo path="../../../Images/frame0.jpg">
        <meta>
          <property name="File/ImageHeight" value="1080"/>
          <property name="File/ImageWidth" value="1920"/>
          <property name="System/FileModifyDate" value="2023:01:17 00:50:20"/>
          <property name="System/FileSize" value="547197"/>
        </meta>
      </photo>
    </camera>
    <camera camera_id="1">
      <photo path="../../../Images/frame1.jpg">
        <meta>
          <property name="File/ImageHeight" value="1080"/>
          <property name="File/ImageWidth" value="1920"/>
          <property name="System/FileModifyDate" value="2023:01:17 00:50:20"/>
          <property name="System/FileSize" value="547158"/>
        </meta>
      </photo>
    </camera>
    <camera camera_id="2">
      <photo path="../../../Images/frame2.jpg">
        <meta>
          <property name="File/ImageHeight" value="1080"/>
          <property name="File/ImageWidth" value="1920"/>
          <property name="System/FileModifyDate" value="2023:01:17 00:50:20"/>
          <property name="System/FileSize" value="564776"/>
        </meta>
      </photo>
    </camera>
    <camera camera_id="3">
      <photo path="../../../Images/frame3.jpg">
        <meta>
          <property name="File/ImageHeight" value="1080"/>
          <property name="File/ImageWidth" value="1920"/>
          <property name="System/FileModifyDate" value="2023:01:17 00:50:20"/>
          <property name="System/FileSize" value="556220"/>
        </meta>
      </photo>
    </camera>
    <camera camera_id="4">
      <photo path="../../../Images/frame4.jpg">
        <meta>
          <property name="File/ImageHeight" value="1080"/>
          <property name="File/ImageWidth" value="1920"/>
          <property name="System/FileModifyDate" value="2023:01:17 00:50:20"/>
          <property name="System/FileSize" value="564496"/>
        </meta>
      </photo>
    </camera>
    <camera camera_id="5">
      <photo path="../../../Images/frame5.jpg">
        <meta>
          <property name="File/ImageHeight" value="1080"/>
          <property name="File/ImageWidth" value="1920"/>
          <property name="System/FileModifyDate" value="2023:01:17 00:50:20"/>
          <property name="System/FileSize" value="562078"/>
        </meta>
      </photo>
    </camera>
    <camera camera_id="6">
      <photo path="../../../Images/frame6.jpg">
        <meta>
          <property name="File/ImageHeight" value="1080"/>
          <property name="File/ImageWidth" value="1920"/>
          <property name="System/FileModifyDate" value="2023:01:17 00:50:20"/>
          <property name="System/FileSize" value="577431"/>
        </meta>
      </photo>
    </camera>
    <camera camera_id="7">
      <photo path="../../../Images/frame7.jpg">
        <meta>
          <property name="File/ImageHeight" value="1080"/>
          <property name="File/ImageWidth" value="1920"/>
          <property name="System/FileModifyDate" value="2023:01:17 00:50:20"/>
          <property name="System/FileSize" value="565245"/>
        </meta>
      </photo>
    </camera>
    <camera camera_id="8">
      <photo path="../../../Images/frame8.jpg">
        <meta>
          <property name="File/ImageHeight" value="1080"/>
          <property name="File/ImageWidth" value="1920"/>
          <property name="System/FileModifyDate" value="2023:01:17 00:50:20"/>
          <property name="System/FileSize" value="564667"/>
        </meta>
      </photo>
    </camera>
    <camera camera_id="9">
      <photo path="../../../Images/frame9.jpg">
        <meta>
          <property name="File/ImageHeight" value="1080"/>
          <property name="File/ImageWidth" value="1920"/>
          <property name="System/FileModifyDate" value="2023:01:17 00:50:20"/>
          <property name="System/FileSize" value="558846"/>
        </meta>
      </photo>
    </camera>
    <camera camera_id="10">
      <photo path="../../../Images/frame10.jpg">
        <meta>
          <property name="File/ImageHeight" value="1080"/>
          <property name="File/ImageWidth" value="1920"/>
          <property name="System/FileModifyDate" value="2023:01:17 00:50:20"/>
          <property name="System/FileSize" value="547656"/>
        </meta>
      </photo>
    </camera>
    <camera camera_id="11">
      <photo path="../../../Images/frame11.jpg">
        <meta>
          <property name="File/ImageHeight" value="1080"/>
          <property name="File/ImageWidth" value="1920"/>
          <property name="System/FileModifyDate" value="2023:01:17 00:50:20"/>
          <property name="System/FileSize" value="536384"/>
        </meta>
      </photo>
    </camera>
    <camera camera_id="12">
      <photo path="../../../Images/frame12.jpg">
        <meta>
          <property name="File/ImageHeight" value="1080"/>
          <property name="File/ImageWidth" value="1920"/>
          <property name="System/FileModifyDate" value="2023:01:17 00:50:20"/>
          <property name="System/FileSize" value="530435"/>
        </meta>
      </photo>
    </camera>
    <camera camera_id="13">
      <photo path="../../../Images/frame13.jpg">
        <meta>
          <property name="File/ImageHeight" value="1080"/>
          <property name="File/ImageWidth" value="1920"/>
          <property name="System/FileModifyDate" value="2023:01:17 00:50:20"/>
          <property name="System/FileSize" value="522779"/>
        </meta>
      </photo>
    </camera>
    <camera camera_id="14">
      <photo path="../../../Images/frame14.jpg">
        <meta>
          <property name="File/ImageHeight" value="1080"/>
          <property name="File/ImageWidth" value="1920"/>
          <property name="System/FileModifyDate" value="2023:01:17 00:50:20"/>
          <property name="System/FileSize" value="525306"/>
        </meta>
      </photo>
    </camera>
    <camera camera_id="15">
      <photo path="../../../Images/frame15.jpg">
        <meta>
          <property name="File/ImageHeight" value="1080"/>
          <property name="File/ImageWidth" value="1920"/>
          <property name="System/FileModifyDate" value="2023:01:17 00:50:20"/>
          <property name="System/FileSize" value="531860"/>
        </meta>
      </photo>
    </camera>
    <camera camera_id="16">
      <photo path="../../../Images/frame16.jpg">
        <meta>
          <property name="File/ImageHeight" value="1080"/>
          <property name="File/ImageWidth" value="1920"/>
          <property name="System/FileModifyDate" value="2023:01:17 00:50:20"/>
          <property name="System/FileSize" value="516149"/>
        </meta>
      </photo>
    </camera>
    <camera camera_id="17">
      <photo path="../../../Images/frame17.jpg">
        <meta>
          <property name="File/ImageHeight" value="1080"/>
          <property name="File/ImageWidth" value="1920"/>
          <property name="System/FileModifyDate" value="2023:01:17 00:50:20"/>
          <property name="System/FileSize" value="505402"/>
        </meta>
      </photo>
    </camera>
    <camera camera_id="18">
      <photo path="../../../Images/frame18.jpg">
        <meta>
          <property name="File/ImageHeight" value="1080"/>
          <property name="File/ImageWidth" value="1920"/>
          <property name="System/FileModifyDate" value="2023:01:17 00:50:20"/>
          <property name="System/FileSize" value="514496"/>
        </meta>
      </photo>
    </camera>
    <camera camera_id="19">
      <photo path="../../../Images/frame19.jpg">
        <meta>
          <property name="File/ImageHeight" value="1080"/>
          <property name="File/ImageWidth" value="1920"/>
          <property name="System/FileModifyDate" value="2023:01:17 00:50:20"/>
          <property name="System/FileSize" value="513343"/>
        </meta>
      </photo>
    </camera>
    <camera camera_id="20">
      <photo path="../../../Images/frame20.jpg">
        <meta>
          <property name="File/ImageHeight" value="1080"/>
          <property name="File/ImageWidth" value="1920"/>
          <property name="System/FileModifyDate" value="2023:01:17 00:50:20"/>
          <property name="System/FileSize" value="514010"/>
        </meta>
      </photo>
    </camera>
    <camera camera_id="21">
      <photo path="../../../Images/frame21.jpg">
        <meta>
          <property name="File/ImageHeight" value="1080"/>
          <property name="File/ImageWidth" value="1920"/>
          <property name="System/FileModifyDate" value="2023:01:17 00:50:20"/>
          <property name="System/FileSize" value="519490"/>
        </meta>
      </photo>
    </camera>
    <camera camera_id="22">
      <photo path="../../../Images/frame22.jpg">
        <meta>
          <property name="File/ImageHeight" value="1080"/>
          <property name="File/ImageWidth" value="1920"/>
          <property name="System/FileModifyDate" value="2023:01:17 00:50:20"/>
          <property name="System/FileSize" value="499145"/>
        </meta>
      </photo>
    </camera>
    <camera camera_id="23">
      <photo path="../../../Images/frame23.jpg">
        <meta>
          <property name="File/ImageHeight" value="1080"/>
          <property name="File/ImageWidth" value="1920"/>
          <property name="System/FileModifyDate" value="2023:01:17 00:50:20"/>
          <property name="System/FileSize" value="525373"/>
        </meta>
      </photo>
    </camera>
    <camera camera_id="24">
      <photo path="../../../Images/frame24.jpg">
        <meta>
          <property name="File/ImageHeight" value="1080"/>
          <property name="File/ImageWidth" value="1920"/>
          <property name="System/FileModifyDate" value="2023:01:17 00:50:20"/>
          <property name="System/FileSize" value="522839"/>
        </meta>
      </photo>
    </camera>
    <camera camera_id="25">
      <photo path="../../../Images/frame25.jpg">
        <meta>
          <property name="File/ImageHeight" value="1080"/>
          <property name="File/ImageWidth" value="1920"/>
          <property name="System/FileModifyDate" value="2023:01:17 00:50:20"/>
          <property name="System/FileSize" value="523397"/>
        </meta>
      </photo>
    </camera>
    <camera camera_id="26">
      <photo path="../../../Images/frame26.jpg">
        <meta>
          <property name="File/ImageHeight" value="1080"/>
          <property name="File/ImageWidth" value="1920"/>
          <property name="System/FileModifyDate" value="2023:01:17 00:50:20"/>
          <property name="System/FileSize" value="530403"/>
        </meta>
      </photo>
    </camera>
    <camera camera_id="27">
      <photo path="../../../Images/frame27.jpg">
        <meta>
          <property name="File/ImageHeight" value="1080"/>
          <property name="File/ImageWidth" value="1920"/>
          <property name="System/FileModifyDate" value="2023:01:17 00:50:20"/>
          <property name="System/FileSize" value="532064"/>
        </meta>
      </photo>
    </camera>
    <camera camera_id="28">
      <photo path="../../../Images/frame28.jpg">
        <meta>
          <property name="File/ImageHeight" value="1080"/>
          <property name="File/ImageWidth" value="1920"/>
          <property name="System/FileModifyDate" value="2023:01:17 00:50:20"/>
          <property name="System/FileSize" value="530932"/>
        </meta>
      </photo>
    </camera>
    <camera camera_id="29">
      <photo path="../../../Images/frame29.jpg">
        <meta>
          <property name="File/ImageHeight" value="1080"/>
          <property name="File/ImageWidth" value="1920"/>
          <property name="System/FileModifyDate" value="2023:01:17 00:50:20"/>
          <property name="System/FileSize" value="525808"/>
        </meta>
      </photo>
    </camera>
    <camera camera_id="30">
      <photo path="../../../Images/frame30.jpg">
        <meta>
          <property name="File/ImageHeight" value="1080"/>
          <property name="File/ImageWidth" value="1920"/>
          <property name="System/FileModifyDate" value="2023:01:17 00:50:20"/>
          <property name="System/FileSize" value="508513"/>
        </meta>
      </photo>
    </camera>
    <camera camera_id="31">
      <photo path="../../../Images/frame31.jpg">
        <meta>
          <property name="File/ImageHeight" value="1080"/>
          <property name="File/ImageWidth" value="1920"/>
          <property name="System/FileModifyDate" value="2023:01:17 00:50:20"/>
          <property name="System/FileSize" value="522557"/>
        </meta>
      </photo>
    </camera>
    <camera camera_id="32">
      <photo path="../../../Images/frame32.jpg">
        <meta>
          <property name="File/ImageHeight" value="1080"/>
          <property name="File/ImageWidth" value="1920"/>
          <property name="System/FileModifyDate" value="2023:01:17 00:50:20"/>
          <property name="System/FileSize" value="511599"/>
        </meta>
      </photo>
    </camera>
    <camera camera_id="33">
      <photo path="../../../Images/frame33.jpg">
        <meta>
          <property name="File/ImageHeight" value="1080"/>
          <property name="File/ImageWidth" value="1920"/>
          <property name="System/FileModifyDate" value="2023:01:17 00:50:20"/>
          <property name="System/FileSize" value="512548"/>
        </meta>
      </photo>
    </camera>
    <camera camera_id="34">
      <photo path="../../../Images/frame34.jpg">
        <meta>
          <property name="File/ImageHeight" value="1080"/>
          <property name="File/ImageWidth" value="1920"/>
          <property name="System/FileModifyDate" value="2023:01:17 00:50:20"/>
          <property name="System/FileSize" value="510199"/>
        </meta>
      </photo>
    </camera>
    <camera camera_id="35">
      <photo path="../../../Images/frame35.jpg">
        <meta>
          <property name="File/ImageHeight" value="1080"/>
          <property name="File/ImageWidth" value="1920"/>
          <property name="System/FileModifyDate" value="2023:01:17 00:50:20"/>
          <property name="System/FileSize" value="503271"/>
        </meta>
      </photo>
    </camera>
    <camera camera_id="36">
      <photo path="../../../Images/frame36.jpg">
        <meta>
          <property name="File/ImageHeight" value="1080"/>
          <property name="File/ImageWidth" value="1920"/>
          <property name="System/FileModifyDate" value="2023:01:17 00:50:20"/>
          <property name="System/FileSize" value="510701"/>
        </meta>
      </photo>
    </camera>
    <camera camera_id="37">
      <photo path="../../../Images/frame37.jpg">
        <meta>
          <property name="File/ImageHeight" value="1080"/>
          <property name="File/ImageWidth" value="1920"/>
          <property name="System/FileModifyDate" value="2023:01:17 00:50:20"/>
          <property name="System/FileSize" value="509174"/>
        </meta>
      </photo>
    </camera>
    <camera camera_id="38">
      <photo path="../../../Images/frame38.jpg">
        <meta>
          <property name="File/ImageHeight" value="1080"/>
          <property name="File/ImageWidth" value="1920"/>
          <property name="System/FileModifyDate" value="2023:01:17 00:50:20"/>
          <property name="System/FileSize" value="488197"/>
        </meta>
      </photo>
    </camera>
    <camera camera_id="39">
      <photo path="../../../Images/frame39.jpg">
        <meta>
          <property name="File/ImageHeight" value="1080"/>
          <property name="File/ImageWidth" value="1920"/>
          <property name="System/FileModifyDate" value="2023:01:17 00:50:20"/>
          <property name="System/FileSize" value="521368"/>
        </meta>
      </photo>
    </camera>
    <camera camera_id="40">
      <photo path="../../../Images/frame40.jpg">
        <meta>
          <property name="File/ImageHeight" value="1080"/>
          <property name="File/ImageWidth" value="1920"/>
          <property name="System/FileModifyDate" value="2023:01:17 00:50:20"/>
          <property name="System/FileSize" value="518324"/>
        </meta>
      </photo>
    </camera>
    <camera camera_id="41">
      <photo path="../../../Images/frame41.jpg">
        <meta>
          <property name="File/ImageHeight" value="1080"/>
          <property name="File/ImageWidth" value="1920"/>
          <property name="System/FileModifyDate" value="2023:01:17 00:50:20"/>
          <property name="System/FileSize" value="516786"/>
        </meta>
      </photo>
    </camera>
    <camera camera_id="42">
      <photo path="../../../Images/frame42.jpg">
        <meta>
          <property name="File/ImageHeight" value="1080"/>
          <property name="File/ImageWidth" value="1920"/>
          <property name="System/FileModifyDate" value="2023:01:17 00:50:20"/>
          <property name="System/FileSize" value="526898"/>
        </meta>
      </photo>
    </camera>
    <camera camera_id="43">
      <photo path="../../../Images/frame43.jpg">
        <meta>
          <property name="File/ImageHeight" value="1080"/>
          <property name="File/ImageWidth" value="1920"/>
          <property name="System/FileModifyDate" value="2023:01:17 00:50:20"/>
          <property name="System/FileSize" value="524021"/>
        </meta>
      </photo>
    </camera>
    <camera camera_id="44">
      <photo path="../../../Images/frame44.jpg">
        <meta>
          <property name="File/ImageHeight" value="1080"/>
          <property name="File/ImageWidth" value="1920"/>
          <property name="System/FileModifyDate" value="2023:01:17 00:50:20"/>
          <property name="System/FileSize" value="520855"/>
        </meta>
      </photo>
    </camera>
    <camera camera_id="45">
      <photo path="../../../Images/frame45.jpg">
        <meta>
          <property name="File/ImageHeight" value="1080"/>
          <property name="File/ImageWidth" value="1920"/>
          <property name="System/FileModifyDate" value="2023:01:17 00:50:20"/>
          <property name="System/FileSize" value="523315"/>
        </meta>
      </photo>
    </camera>
    <camera camera_id="46">
      <photo path="../../../Images/frame46.jpg">
        <meta>
          <property name="File/ImageHeight" value="1080"/>
          <property name="File/ImageWidth" value="1920"/>
          <property name="System/FileModifyDate" value="2023:01:17 00:50:20"/>
          <property name="System/FileSize" value="520029"/>
        </meta>
      </photo>
    </camera>
    <camera camera_id="47">
      <photo path="../../../Images/frame47.jpg">
        <meta>
          <property name="File/ImageHeight" value="1080"/>
          <property name="File/ImageWidth" value="1920"/>
          <property name="System/FileModifyDate" value="2023:01:17 00:50:20"/>
          <property name="System/FileSize" value="517686"/>
        </meta>
      </photo>
    </camera>
    <camera camera_id="48">
      <photo path="../../../Images/frame48.jpg">
        <meta>
          <property name="File/ImageHeight" value="1080"/>
          <property name="File/ImageWidth" value="1920"/>
          <property name="System/FileModifyDate" value="2023:01:17 00:50:20"/>
          <property name="System/FileSize" value="493155"/>
        </meta>
      </photo>
    </camera>
    <camera camera_id="49">
      <photo path="../../../Images/frame49.jpg">
        <meta>
          <property name="File/ImageHeight" value="1080"/>
          <property name="File/ImageWidth" value="1920"/>
          <property name="System/FileModifyDate" value="2023:01:17 00:50:20"/>
          <property name="System/FileSize" value="513447"/>
        </meta>
      </photo>
    </camera>
    <camera camera_id="50">
      <photo path="../../../Images/frame50.jpg">
        <meta>
          <property name="File/ImageHeight" value="1080"/>
          <property name="File/ImageWidth" value="1920"/>
          <property name="System/FileModifyDate" value="2023:01:17 00:50:20"/>
          <property name="System/FileSize" value="517539"/>
        </meta>
      </photo>
    </camera>
    <camera camera_id="51">
      <photo path="../../../Images/frame51.jpg">
        <meta>
          <property name="File/ImageHeight" value="1080"/>
          <property name="File/ImageWidth" value="1920"/>
          <property name="System/FileModifyDate" value="2023:01:17 00:50:20"/>
          <property name="System/FileSize" value="516521"/>
        </meta>
      </photo>
    </camera>
    <camera camera_id="52">
      <photo path="../../../Images/frame52.jpg">
        <meta>
          <property name="File/ImageHeight" value="1080"/>
          <property name="File/ImageWidth" value="1920"/>
          <property name="System/FileModifyDate" value="2023:01:17 00:50:20"/>
          <property name="System/FileSize" value="506973"/>
        </meta>
      </photo>
    </camera>
    <camera camera_id="53">
      <photo path="../../../Images/frame53.jpg">
        <meta>
          <property name="File/ImageHeight" value="1080"/>
          <property name="File/ImageWidth" value="1920"/>
          <property name="System/FileModifyDate" value="2023:01:17 00:50:20"/>
          <property name="System/FileSize" value="505267"/>
        </meta>
      </photo>
    </camera>
    <camera camera_id="54">
      <photo path="../../../Images/frame54.jpg">
        <meta>
          <property name="File/ImageHeight" value="1080"/>
          <property name="File/ImageWidth" value="1920"/>
          <property name="System/FileModifyDate" value="2023:01:17 00:50:20"/>
          <property name="System/FileSize" value="518936"/>
        </meta>
      </photo>
    </camera>
    <camera camera_id="55">
      <photo path="../../../Images/frame55.jpg">
        <meta>
          <property name="File/ImageHeight" value="1080"/>
          <property name="File/ImageWidth" value="1920"/>
          <property name="System/FileModifyDate" value="2023:01:17 00:50:20"/>
          <property name="System/FileSize" value="520152"/>
        </meta>
      </photo>
    </camera>
    <camera camera_id="56">
      <photo path="../../../Images/frame56.jpg">
        <meta>
          <property name="File/ImageHeight" value="1080"/>
          <property name="File/ImageWidth" value="1920"/>
          <property name="System/FileModifyDate" value="2023:01:17 00:50:20"/>
          <property name="System/FileSize" value="484842"/>
        </meta>
      </photo>
    </camera>
    <camera camera_id="57">
      <photo path="../../../Images/frame57.jpg">
        <meta>
          <property name="File/ImageHeight" value="1080"/>
          <property name="File/ImageWidth" value="1920"/>
          <property name="System/FileModifyDate" value="2023:01:17 00:50:20"/>
          <property name="System/FileSize" value="524441"/>
        </meta>
      </photo>
    </camera>
    <camera camera_id="58">
      <photo path="../../../Images/frame58.jpg">
        <meta>
          <property name="File/ImageHeight" value="1080"/>
          <property name="File/ImageWidth" value="1920"/>
          <property name="System/FileModifyDate" value="2023:01:17 00:50:20"/>
          <property name="System/FileSize" value="523100"/>
        </meta>
      </photo>
    </camera>
    <camera camera_id="59">
      <photo path="../../../Images/frame59.jpg">
        <meta>
          <property name="File/ImageHeight" value="1080"/>
          <property name="File/ImageWidth" value="1920"/>
          <property name="System/FileModifyDate" value="2023:01:17 00:50:20"/>
          <property name="System/FileSize" value="521202"/>
        </meta>
      </photo>
    </camera>
    <camera camera_id="60">
      <photo path="../../../Images/frame60.jpg">
        <meta>
          <property name="File/ImageHeight" value="1080"/>
          <property name="File/ImageWidth" value="1920"/>
          <property name="System/FileModifyDate" value="2023:01:17 00:50:20"/>
          <property name="System/FileSize" value="532889"/>
        </meta>
      </photo>
    </camera>
    <camera camera_id="61">
      <photo path="../../../Images/frame61.jpg">
        <meta>
          <property name="File/ImageHeight" value="1080"/>
          <property name="File/ImageWidth" value="1920"/>
          <property name="System/FileModifyDate" value="2023:01:17 00:50:20"/>
          <property name="System/FileSize" value="538313"/>
        </meta>
      </photo>
    </camera>
    <camera camera_id="62">
      <photo path="../../../Images/frame62.jpg">
        <meta>
          <property name="File/ImageHeight" value="1080"/>
          <property name="File/ImageWidth" value="1920"/>
          <property name="System/FileModifyDate" value="2023:01:17 00:50:20"/>
          <property name="System/FileSize" value="551804"/>
        </meta>
      </photo>
    </camera>
    <camera camera_id="63">
      <photo path="../../../Images/frame63.jpg">
        <meta>
          <property name="File/ImageHeight" value="1080"/>
          <property name="File/ImageWidth" value="1920"/>
          <property name="System/FileModifyDate" value="2023:01:17 00:50:20"/>
          <property name="System/FileSize" value="558797"/>
        </meta>
      </photo>
    </camera>
    <camera camera_id="64">
      <photo path="../../../Images/frame64.jpg">
        <meta>
          <property name="File/ImageHeight" value="1080"/>
          <property name="File/ImageWidth" value="1920"/>
          <property name="System/FileModifyDate" value="2023:01:17 00:50:20"/>
          <property name="System/FileSize" value="508269"/>
        </meta>
      </photo>
    </camera>
    <camera camera_id="65">
      <photo path="../../../Images/frame65.jpg">
        <meta>
          <property name="File/ImageHeight" value="1080"/>
          <property name="File/ImageWidth" value="1920"/>
          <property name="System/FileModifyDate" value="2023:01:17 00:50:20"/>
          <property name="System/FileSize" value="541813"/>
        </meta>
      </photo>
    </camera>
    <camera camera_id="66">
      <photo path="../../../Images/frame66.jpg">
        <meta>
          <property name="File/ImageHeight" value="1080"/>
          <property name="File/ImageWidth" value="1920"/>
          <property name="System/FileModifyDate" value="2023:01:17 00:50:20"/>
          <property name="System/FileSize" value="549590"/>
        </meta>
      </photo>
    </camera>
    <camera camera_id="67">
      <photo path="../../../Images/frame67.jpg">
        <meta>
          <property name="File/ImageHeight" value="1080"/>
          <property name="File/ImageWidth" value="1920"/>
          <property name="System/FileModifyDate" value="2023:01:17 00:50:20"/>
          <property name="System/FileSize" value="539332"/>
        </meta>
      </photo>
    </camera>
    <camera camera_id="68">
      <photo path="../../../Images/frame68.jpg">
        <meta>
          <property name="File/ImageHeight" value="1080"/>
          <property name="File/ImageWidth" value="1920"/>
          <property name="System/FileModifyDate" value="2023:01:17 00:50:20"/>
          <property name="System/FileSize" value="529118"/>
        </meta>
      </photo>
    </camera>
  </cameras>
  <thumbnails path="thumbnails/thumbnails.zip"/>
  <point_cloud path="point_cloud/point_cloud.zip"/>
  <depth_maps id="0" path="depth_maps/depth_maps.zip"/>
  <dense_cloud id="0" path="dense_cloud/dense_cloud.zip"/>
</frame>
