<?xml version="1.0" encoding="UTF-8"?>
<depth_maps version="1.5.0">
  <depth_map camera_id="35" level="0" path="0/d35.exr">
    <calibration type="frame">
      <resolution width="960" height="540"/>
      <f>531.10010485644943</f>
      <cx>-1.2354673447934488</cx>
      <cy>18.384693365578528</cy>
    </calibration>
  </depth_map>
  <depth_map camera_id="35" level="1" path="1/d35.exr">
    <calibration type="frame">
      <resolution width="480" height="270"/>
      <f>265.55005242822472</f>
      <cx>-0.61773367239672439</cx>
      <cy>9.1923466827892639</cy>
    </calibration>
  </depth_map>
  <depth_map camera_id="35" level="2" path="2/d35.exr">
    <calibration type="frame">
      <resolution width="240" height="135"/>
      <f>132.77502621411236</f>
      <cx>-0.30886683619836219</cx>
      <cy>4.596173341394632</cy>
    </calibration>
  </depth_map>
  <depth_map camera_id="36" level="0" path="0/d36.exr">
    <calibration type="frame">
      <resolution width="960" height="540"/>
      <f>531.10010485644943</f>
      <cx>-1.2354673447934488</cx>
      <cy>18.384693365578528</cy>
    </calibration>
  </depth_map>
  <depth_map camera_id="36" level="1" path="1/d36.exr">
    <calibration type="frame">
      <resolution width="480" height="270"/>
      <f>265.55005242822472</f>
      <cx>-0.61773367239672439</cx>
      <cy>9.1923466827892639</cy>
    </calibration>
  </depth_map>
  <depth_map camera_id="36" level="2" path="2/d36.exr">
    <calibration type="frame">
      <resolution width="240" height="135"/>
      <f>132.77502621411236</f>
      <cx>-0.30886683619836219</cx>
      <cy>4.596173341394632</cy>
    </calibration>
  </depth_map>
  <depth_map camera_id="37" level="0" path="0/d37.exr">
    <calibration type="frame">
      <resolution width="960" height="540"/>
      <f>531.10010485644943</f>
      <cx>-1.2354673447934488</cx>
      <cy>18.384693365578528</cy>
    </calibration>
  </depth_map>
  <depth_map camera_id="37" level="1" path="1/d37.exr">
    <calibration type="frame">
      <resolution width="480" height="270"/>
      <f>265.55005242822472</f>
      <cx>-0.61773367239672439</cx>
      <cy>9.1923466827892639</cy>
    </calibration>
  </depth_map>
  <depth_map camera_id="37" level="2" path="2/d37.exr">
    <calibration type="frame">
      <resolution width="240" height="135"/>
      <f>132.77502621411236</f>
      <cx>-0.30886683619836219</cx>
      <cy>4.596173341394632</cy>
    </calibration>
  </depth_map>
  <depth_map camera_id="38" level="0" path="0/d38.exr">
    <calibration type="frame">
      <resolution width="960" height="540"/>
      <f>531.10010485644943</f>
      <cx>-1.2354673447934488</cx>
      <cy>18.384693365578528</cy>
    </calibration>
  </depth_map>
  <depth_map camera_id="38" level="1" path="1/d38.exr">
    <calibration type="frame">
      <resolution width="480" height="270"/>
      <f>265.55005242822472</f>
      <cx>-0.61773367239672439</cx>
      <cy>9.1923466827892639</cy>
    </calibration>
  </depth_map>
  <depth_map camera_id="38" level="2" path="2/d38.exr">
    <calibration type="frame">
      <resolution width="240" height="135"/>
      <f>132.77502621411236</f>
      <cx>-0.30886683619836219</cx>
      <cy>4.596173341394632</cy>
    </calibration>
  </depth_map>
  <depth_map camera_id="39" level="0" path="0/d39.exr">
    <calibration type="frame">
      <resolution width="960" height="540"/>
      <f>531.10010485644943</f>
      <cx>-1.2354673447934488</cx>
      <cy>18.384693365578528</cy>
    </calibration>
  </depth_map>
  <depth_map camera_id="39" level="1" path="1/d39.exr">
    <calibration type="frame">
      <resolution width="480" height="270"/>
      <f>265.55005242822472</f>
      <cx>-0.61773367239672439</cx>
      <cy>9.1923466827892639</cy>
    </calibration>
  </depth_map>
  <depth_map camera_id="39" level="2" path="2/d39.exr">
    <calibration type="frame">
      <resolution width="240" height="135"/>
      <f>132.77502621411236</f>
      <cx>-0.30886683619836219</cx>
      <cy>4.596173341394632</cy>
    </calibration>
  </depth_map>
  <depth_map camera_id="40" level="0" path="0/d40.exr">
    <calibration type="frame">
      <resolution width="960" height="540"/>
      <f>531.10010485644943</f>
      <cx>-1.2354673447934488</cx>
      <cy>18.384693365578528</cy>
    </calibration>
  </depth_map>
  <depth_map camera_id="40" level="1" path="1/d40.exr">
    <calibration type="frame">
      <resolution width="480" height="270"/>
      <f>265.55005242822472</f>
      <cx>-0.61773367239672439</cx>
      <cy>9.1923466827892639</cy>
    </calibration>
  </depth_map>
  <depth_map camera_id="40" level="2" path="2/d40.exr">
    <calibration type="frame">
      <resolution width="240" height="135"/>
      <f>132.77502621411236</f>
      <cx>-0.30886683619836219</cx>
      <cy>4.596173341394632</cy>
    </calibration>
  </depth_map>
  <depth_map camera_id="41" level="0" path="0/d41.exr">
    <calibration type="frame">
      <resolution width="960" height="540"/>
      <f>531.10010485644943</f>
      <cx>-1.2354673447934488</cx>
      <cy>18.384693365578528</cy>
    </calibration>
  </depth_map>
  <depth_map camera_id="41" level="1" path="1/d41.exr">
    <calibration type="frame">
      <resolution width="480" height="270"/>
      <f>265.55005242822472</f>
      <cx>-0.61773367239672439</cx>
      <cy>9.1923466827892639</cy>
    </calibration>
  </depth_map>
  <depth_map camera_id="41" level="2" path="2/d41.exr">
    <calibration type="frame">
      <resolution width="240" height="135"/>
      <f>132.77502621411236</f>
      <cx>-0.30886683619836219</cx>
      <cy>4.596173341394632</cy>
    </calibration>
  </depth_map>
  <depth_map camera_id="42" level="0" path="0/d42.exr">
    <calibration type="frame">
      <resolution width="960" height="540"/>
      <f>531.10010485644943</f>
      <cx>-1.2354673447934488</cx>
      <cy>18.384693365578528</cy>
    </calibration>
  </depth_map>
  <depth_map camera_id="42" level="1" path="1/d42.exr">
    <calibration type="frame">
      <resolution width="480" height="270"/>
      <f>265.55005242822472</f>
      <cx>-0.61773367239672439</cx>
      <cy>9.1923466827892639</cy>
    </calibration>
  </depth_map>
  <depth_map camera_id="42" level="2" path="2/d42.exr">
    <calibration type="frame">
      <resolution width="240" height="135"/>
      <f>132.77502621411236</f>
      <cx>-0.30886683619836219</cx>
      <cy>4.596173341394632</cy>
    </calibration>
  </depth_map>
  <depth_map camera_id="43" level="0" path="0/d43.exr">
    <calibration type="frame">
      <resolution width="960" height="540"/>
      <f>531.10010485644943</f>
      <cx>-1.2354673447934488</cx>
      <cy>18.384693365578528</cy>
    </calibration>
  </depth_map>
  <depth_map camera_id="43" level="1" path="1/d43.exr">
    <calibration type="frame">
      <resolution width="480" height="270"/>
      <f>265.55005242822472</f>
      <cx>-0.61773367239672439</cx>
      <cy>9.1923466827892639</cy>
    </calibration>
  </depth_map>
  <depth_map camera_id="43" level="2" path="2/d43.exr">
    <calibration type="frame">
      <resolution width="240" height="135"/>
      <f>132.77502621411236</f>
      <cx>-0.30886683619836219</cx>
      <cy>4.596173341394632</cy>
    </calibration>
  </depth_map>
  <depth_map camera_id="44" level="0" path="0/d44.exr">
    <calibration type="frame">
      <resolution width="960" height="540"/>
      <f>531.10010485644943</f>
      <cx>-1.2354673447934488</cx>
      <cy>18.384693365578528</cy>
    </calibration>
  </depth_map>
  <depth_map camera_id="44" level="1" path="1/d44.exr">
    <calibration type="frame">
      <resolution width="480" height="270"/>
      <f>265.55005242822472</f>
      <cx>-0.61773367239672439</cx>
      <cy>9.1923466827892639</cy>
    </calibration>
  </depth_map>
  <depth_map camera_id="44" level="2" path="2/d44.exr">
    <calibration type="frame">
      <resolution width="240" height="135"/>
      <f>132.77502621411236</f>
      <cx>-0.30886683619836219</cx>
      <cy>4.596173341394632</cy>
    </calibration>
  </depth_map>
  <depth_map camera_id="45" level="0" path="0/d45.exr">
    <calibration type="frame">
      <resolution width="960" height="540"/>
      <f>531.10010485644943</f>
      <cx>-1.2354673447934488</cx>
      <cy>18.384693365578528</cy>
    </calibration>
  </depth_map>
  <depth_map camera_id="45" level="1" path="1/d45.exr">
    <calibration type="frame">
      <resolution width="480" height="270"/>
      <f>265.55005242822472</f>
      <cx>-0.61773367239672439</cx>
      <cy>9.1923466827892639</cy>
    </calibration>
  </depth_map>
  <depth_map camera_id="45" level="2" path="2/d45.exr">
    <calibration type="frame">
      <resolution width="240" height="135"/>
      <f>132.77502621411236</f>
      <cx>-0.30886683619836219</cx>
      <cy>4.596173341394632</cy>
    </calibration>
  </depth_map>
  <depth_map camera_id="46" level="0" path="0/d46.exr">
    <calibration type="frame">
      <resolution width="960" height="540"/>
      <f>531.10010485644943</f>
      <cx>-1.2354673447934488</cx>
      <cy>18.384693365578528</cy>
    </calibration>
  </depth_map>
  <depth_map camera_id="46" level="1" path="1/d46.exr">
    <calibration type="frame">
      <resolution width="480" height="270"/>
      <f>265.55005242822472</f>
      <cx>-0.61773367239672439</cx>
      <cy>9.1923466827892639</cy>
    </calibration>
  </depth_map>
  <depth_map camera_id="46" level="2" path="2/d46.exr">
    <calibration type="frame">
      <resolution width="240" height="135"/>
      <f>132.77502621411236</f>
      <cx>-0.30886683619836219</cx>
      <cy>4.596173341394632</cy>
    </calibration>
  </depth_map>
  <depth_map camera_id="47" level="0" path="0/d47.exr">
    <calibration type="frame">
      <resolution width="960" height="540"/>
      <f>531.10010485644943</f>
      <cx>-1.2354673447934488</cx>
      <cy>18.384693365578528</cy>
    </calibration>
  </depth_map>
  <depth_map camera_id="47" level="1" path="1/d47.exr">
    <calibration type="frame">
      <resolution width="480" height="270"/>
      <f>265.55005242822472</f>
      <cx>-0.61773367239672439</cx>
      <cy>9.1923466827892639</cy>
    </calibration>
  </depth_map>
  <depth_map camera_id="47" level="2" path="2/d47.exr">
    <calibration type="frame">
      <resolution width="240" height="135"/>
      <f>132.77502621411236</f>
      <cx>-0.30886683619836219</cx>
      <cy>4.596173341394632</cy>
    </calibration>
  </depth_map>
  <depth_map camera_id="48" level="0" path="0/d48.exr">
    <calibration type="frame">
      <resolution width="960" height="540"/>
      <f>531.10010485644943</f>
      <cx>-1.2354673447934488</cx>
      <cy>18.384693365578528</cy>
    </calibration>
  </depth_map>
  <depth_map camera_id="48" level="1" path="1/d48.exr">
    <calibration type="frame">
      <resolution width="480" height="270"/>
      <f>265.55005242822472</f>
      <cx>-0.61773367239672439</cx>
      <cy>9.1923466827892639</cy>
    </calibration>
  </depth_map>
  <depth_map camera_id="48" level="2" path="2/d48.exr">
    <calibration type="frame">
      <resolution width="240" height="135"/>
      <f>132.77502621411236</f>
      <cx>-0.30886683619836219</cx>
      <cy>4.596173341394632</cy>
    </calibration>
  </depth_map>
  <depth_map camera_id="49" level="0" path="0/d49.exr">
    <calibration type="frame">
      <resolution width="960" height="540"/>
      <f>531.10010485644943</f>
      <cx>-1.2354673447934488</cx>
      <cy>18.384693365578528</cy>
    </calibration>
  </depth_map>
  <depth_map camera_id="49" level="1" path="1/d49.exr">
    <calibration type="frame">
      <resolution width="480" height="270"/>
      <f>265.55005242822472</f>
      <cx>-0.61773367239672439</cx>
      <cy>9.1923466827892639</cy>
    </calibration>
  </depth_map>
  <depth_map camera_id="49" level="2" path="2/d49.exr">
    <calibration type="frame">
      <resolution width="240" height="135"/>
      <f>132.77502621411236</f>
      <cx>-0.30886683619836219</cx>
      <cy>4.596173341394632</cy>
    </calibration>
  </depth_map>
  <depth_map camera_id="50" level="0" path="0/d50.exr">
    <calibration type="frame">
      <resolution width="960" height="540"/>
      <f>531.10010485644943</f>
      <cx>-1.2354673447934488</cx>
      <cy>18.384693365578528</cy>
    </calibration>
  </depth_map>
  <depth_map camera_id="50" level="1" path="1/d50.exr">
    <calibration type="frame">
      <resolution width="480" height="270"/>
      <f>265.55005242822472</f>
      <cx>-0.61773367239672439</cx>
      <cy>9.1923466827892639</cy>
    </calibration>
  </depth_map>
  <depth_map camera_id="50" level="2" path="2/d50.exr">
    <calibration type="frame">
      <resolution width="240" height="135"/>
      <f>132.77502621411236</f>
      <cx>-0.30886683619836219</cx>
      <cy>4.596173341394632</cy>
    </calibration>
  </depth_map>
  <depth_map camera_id="51" level="0" path="0/d51.exr">
    <calibration type="frame">
      <resolution width="960" height="540"/>
      <f>531.10010485644943</f>
      <cx>-1.2354673447934488</cx>
      <cy>18.384693365578528</cy>
    </calibration>
  </depth_map>
  <depth_map camera_id="51" level="1" path="1/d51.exr">
    <calibration type="frame">
      <resolution width="480" height="270"/>
      <f>265.55005242822472</f>
      <cx>-0.61773367239672439</cx>
      <cy>9.1923466827892639</cy>
    </calibration>
  </depth_map>
  <depth_map camera_id="51" level="2" path="2/d51.exr">
    <calibration type="frame">
      <resolution width="240" height="135"/>
      <f>132.77502621411236</f>
      <cx>-0.30886683619836219</cx>
      <cy>4.596173341394632</cy>
    </calibration>
  </depth_map>
  <depth_map camera_id="52" level="0" path="0/d52.exr">
    <calibration type="frame">
      <resolution width="960" height="540"/>
      <f>531.10010485644943</f>
      <cx>-1.2354673447934488</cx>
      <cy>18.384693365578528</cy>
    </calibration>
  </depth_map>
  <depth_map camera_id="52" level="1" path="1/d52.exr">
    <calibration type="frame">
      <resolution width="480" height="270"/>
      <f>265.55005242822472</f>
      <cx>-0.61773367239672439</cx>
      <cy>9.1923466827892639</cy>
    </calibration>
  </depth_map>
  <depth_map camera_id="52" level="2" path="2/d52.exr">
    <calibration type="frame">
      <resolution width="240" height="135"/>
      <f>132.77502621411236</f>
      <cx>-0.30886683619836219</cx>
      <cy>4.596173341394632</cy>
    </calibration>
  </depth_map>
  <depth_map camera_id="53" level="0" path="0/d53.exr">
    <calibration type="frame">
      <resolution width="960" height="540"/>
      <f>531.10010485644943</f>
      <cx>-1.2354673447934488</cx>
      <cy>18.384693365578528</cy>
    </calibration>
  </depth_map>
  <depth_map camera_id="53" level="1" path="1/d53.exr">
    <calibration type="frame">
      <resolution width="480" height="270"/>
      <f>265.55005242822472</f>
      <cx>-0.61773367239672439</cx>
      <cy>9.1923466827892639</cy>
    </calibration>
  </depth_map>
  <depth_map camera_id="53" level="2" path="2/d53.exr">
    <calibration type="frame">
      <resolution width="240" height="135"/>
      <f>132.77502621411236</f>
      <cx>-0.30886683619836219</cx>
      <cy>4.596173341394632</cy>
    </calibration>
  </depth_map>
  <depth_map camera_id="54" level="0" path="0/d54.exr">
    <calibration type="frame">
      <resolution width="960" height="540"/>
      <f>531.10010485644943</f>
      <cx>-1.2354673447934488</cx>
      <cy>18.384693365578528</cy>
    </calibration>
  </depth_map>
  <depth_map camera_id="54" level="1" path="1/d54.exr">
    <calibration type="frame">
      <resolution width="480" height="270"/>
      <f>265.55005242822472</f>
      <cx>-0.61773367239672439</cx>
      <cy>9.1923466827892639</cy>
    </calibration>
  </depth_map>
  <depth_map camera_id="54" level="2" path="2/d54.exr">
    <calibration type="frame">
      <resolution width="240" height="135"/>
      <f>132.77502621411236</f>
      <cx>-0.30886683619836219</cx>
      <cy>4.596173341394632</cy>
    </calibration>
  </depth_map>
  <depth_map camera_id="55" level="0" path="0/d55.exr">
    <calibration type="frame">
      <resolution width="960" height="540"/>
      <f>531.10010485644943</f>
      <cx>-1.2354673447934488</cx>
      <cy>18.384693365578528</cy>
    </calibration>
  </depth_map>
  <depth_map camera_id="55" level="1" path="1/d55.exr">
    <calibration type="frame">
      <resolution width="480" height="270"/>
      <f>265.55005242822472</f>
      <cx>-0.61773367239672439</cx>
      <cy>9.1923466827892639</cy>
    </calibration>
  </depth_map>
  <depth_map camera_id="55" level="2" path="2/d55.exr">
    <calibration type="frame">
      <resolution width="240" height="135"/>
      <f>132.77502621411236</f>
      <cx>-0.30886683619836219</cx>
      <cy>4.596173341394632</cy>
    </calibration>
  </depth_map>
  <depth_map camera_id="56" level="0" path="0/d56.exr">
    <calibration type="frame">
      <resolution width="960" height="540"/>
      <f>531.10010485644943</f>
      <cx>-1.2354673447934488</cx>
      <cy>18.384693365578528</cy>
    </calibration>
  </depth_map>
  <depth_map camera_id="56" level="1" path="1/d56.exr">
    <calibration type="frame">
      <resolution width="480" height="270"/>
      <f>265.55005242822472</f>
      <cx>-0.61773367239672439</cx>
      <cy>9.1923466827892639</cy>
    </calibration>
  </depth_map>
  <depth_map camera_id="56" level="2" path="2/d56.exr">
    <calibration type="frame">
      <resolution width="240" height="135"/>
      <f>132.77502621411236</f>
      <cx>-0.30886683619836219</cx>
      <cy>4.596173341394632</cy>
    </calibration>
  </depth_map>
  <depth_map camera_id="57" level="0" path="0/d57.exr">
    <calibration type="frame">
      <resolution width="960" height="540"/>
      <f>531.10010485644943</f>
      <cx>-1.2354673447934488</cx>
      <cy>18.384693365578528</cy>
    </calibration>
  </depth_map>
  <depth_map camera_id="57" level="1" path="1/d57.exr">
    <calibration type="frame">
      <resolution width="480" height="270"/>
      <f>265.55005242822472</f>
      <cx>-0.61773367239672439</cx>
      <cy>9.1923466827892639</cy>
    </calibration>
  </depth_map>
  <depth_map camera_id="57" level="2" path="2/d57.exr">
    <calibration type="frame">
      <resolution width="240" height="135"/>
      <f>132.77502621411236</f>
      <cx>-0.30886683619836219</cx>
      <cy>4.596173341394632</cy>
    </calibration>
  </depth_map>
  <depth_map camera_id="58" level="0" path="0/d58.exr">
    <calibration type="frame">
      <resolution width="960" height="540"/>
      <f>531.10010485644943</f>
      <cx>-1.2354673447934488</cx>
      <cy>18.384693365578528</cy>
    </calibration>
  </depth_map>
  <depth_map camera_id="58" level="1" path="1/d58.exr">
    <calibration type="frame">
      <resolution width="480" height="270"/>
      <f>265.55005242822472</f>
      <cx>-0.61773367239672439</cx>
      <cy>9.1923466827892639</cy>
    </calibration>
  </depth_map>
  <depth_map camera_id="58" level="2" path="2/d58.exr">
    <calibration type="frame">
      <resolution width="240" height="135"/>
      <f>132.77502621411236</f>
      <cx>-0.30886683619836219</cx>
      <cy>4.596173341394632</cy>
    </calibration>
  </depth_map>
  <depth_map camera_id="59" level="0" path="0/d59.exr">
    <calibration type="frame">
      <resolution width="960" height="540"/>
      <f>531.10010485644943</f>
      <cx>-1.2354673447934488</cx>
      <cy>18.384693365578528</cy>
    </calibration>
  </depth_map>
  <depth_map camera_id="59" level="1" path="1/d59.exr">
    <calibration type="frame">
      <resolution width="480" height="270"/>
      <f>265.55005242822472</f>
      <cx>-0.61773367239672439</cx>
      <cy>9.1923466827892639</cy>
    </calibration>
  </depth_map>
  <depth_map camera_id="59" level="2" path="2/d59.exr">
    <calibration type="frame">
      <resolution width="240" height="135"/>
      <f>132.77502621411236</f>
      <cx>-0.30886683619836219</cx>
      <cy>4.596173341394632</cy>
    </calibration>
  </depth_map>
  <depth_map camera_id="60" level="0" path="0/d60.exr">
    <calibration type="frame">
      <resolution width="960" height="540"/>
      <f>531.10010485644943</f>
      <cx>-1.2354673447934488</cx>
      <cy>18.384693365578528</cy>
    </calibration>
  </depth_map>
  <depth_map camera_id="60" level="1" path="1/d60.exr">
    <calibration type="frame">
      <resolution width="480" height="270"/>
      <f>265.55005242822472</f>
      <cx>-0.61773367239672439</cx>
      <cy>9.1923466827892639</cy>
    </calibration>
  </depth_map>
  <depth_map camera_id="60" level="2" path="2/d60.exr">
    <calibration type="frame">
      <resolution width="240" height="135"/>
      <f>132.77502621411236</f>
      <cx>-0.30886683619836219</cx>
      <cy>4.596173341394632</cy>
    </calibration>
  </depth_map>
  <depth_map camera_id="61" level="0" path="0/d61.exr">
    <calibration type="frame">
      <resolution width="960" height="540"/>
      <f>531.10010485644943</f>
      <cx>-1.2354673447934488</cx>
      <cy>18.384693365578528</cy>
    </calibration>
  </depth_map>
  <depth_map camera_id="61" level="1" path="1/d61.exr">
    <calibration type="frame">
      <resolution width="480" height="270"/>
      <f>265.55005242822472</f>
      <cx>-0.61773367239672439</cx>
      <cy>9.1923466827892639</cy>
    </calibration>
  </depth_map>
  <depth_map camera_id="61" level="2" path="2/d61.exr">
    <calibration type="frame">
      <resolution width="240" height="135"/>
      <f>132.77502621411236</f>
      <cx>-0.30886683619836219</cx>
      <cy>4.596173341394632</cy>
    </calibration>
  </depth_map>
  <depth_map camera_id="62" level="0" path="0/d62.exr">
    <calibration type="frame">
      <resolution width="960" height="540"/>
      <f>531.10010485644943</f>
      <cx>-1.2354673447934488</cx>
      <cy>18.384693365578528</cy>
    </calibration>
  </depth_map>
  <depth_map camera_id="62" level="1" path="1/d62.exr">
    <calibration type="frame">
      <resolution width="480" height="270"/>
      <f>265.55005242822472</f>
      <cx>-0.61773367239672439</cx>
      <cy>9.1923466827892639</cy>
    </calibration>
  </depth_map>
  <depth_map camera_id="62" level="2" path="2/d62.exr">
    <calibration type="frame">
      <resolution width="240" height="135"/>
      <f>132.77502621411236</f>
      <cx>-0.30886683619836219</cx>
      <cy>4.596173341394632</cy>
    </calibration>
  </depth_map>
  <depth_map camera_id="63" level="0" path="0/d63.exr">
    <calibration type="frame">
      <resolution width="960" height="540"/>
      <f>531.10010485644943</f>
      <cx>-1.2354673447934488</cx>
      <cy>18.384693365578528</cy>
    </calibration>
  </depth_map>
  <depth_map camera_id="63" level="1" path="1/d63.exr">
    <calibration type="frame">
      <resolution width="480" height="270"/>
      <f>265.55005242822472</f>
      <cx>-0.61773367239672439</cx>
      <cy>9.1923466827892639</cy>
    </calibration>
  </depth_map>
  <depth_map camera_id="63" level="2" path="2/d63.exr">
    <calibration type="frame">
      <resolution width="240" height="135"/>
      <f>132.77502621411236</f>
      <cx>-0.30886683619836219</cx>
      <cy>4.596173341394632</cy>
    </calibration>
  </depth_map>
  <depth_map camera_id="64" level="0" path="0/d64.exr">
    <calibration type="frame">
      <resolution width="960" height="540"/>
      <f>531.10010485644943</f>
      <cx>-1.2354673447934488</cx>
      <cy>18.384693365578528</cy>
    </calibration>
  </depth_map>
  <depth_map camera_id="64" level="1" path="1/d64.exr">
    <calibration type="frame">
      <resolution width="480" height="270"/>
      <f>265.55005242822472</f>
      <cx>-0.61773367239672439</cx>
      <cy>9.1923466827892639</cy>
    </calibration>
  </depth_map>
  <depth_map camera_id="64" level="2" path="2/d64.exr">
    <calibration type="frame">
      <resolution width="240" height="135"/>
      <f>132.77502621411236</f>
      <cx>-0.30886683619836219</cx>
      <cy>4.596173341394632</cy>
    </calibration>
  </depth_map>
  <depth_map camera_id="65" level="0" path="0/d65.exr">
    <calibration type="frame">
      <resolution width="960" height="540"/>
      <f>531.10010485644943</f>
      <cx>-1.2354673447934488</cx>
      <cy>18.384693365578528</cy>
    </calibration>
  </depth_map>
  <depth_map camera_id="65" level="1" path="1/d65.exr">
    <calibration type="frame">
      <resolution width="480" height="270"/>
      <f>265.55005242822472</f>
      <cx>-0.61773367239672439</cx>
      <cy>9.1923466827892639</cy>
    </calibration>
  </depth_map>
  <depth_map camera_id="65" level="2" path="2/d65.exr">
    <calibration type="frame">
      <resolution width="240" height="135"/>
      <f>132.77502621411236</f>
      <cx>-0.30886683619836219</cx>
      <cy>4.596173341394632</cy>
    </calibration>
  </depth_map>
  <depth_map camera_id="66" level="0" path="0/d66.exr">
    <calibration type="frame">
      <resolution width="960" height="540"/>
      <f>531.10010485644943</f>
      <cx>-1.2354673447934488</cx>
      <cy>18.384693365578528</cy>
    </calibration>
  </depth_map>
  <depth_map camera_id="66" level="1" path="1/d66.exr">
    <calibration type="frame">
      <resolution width="480" height="270"/>
      <f>265.55005242822472</f>
      <cx>-0.61773367239672439</cx>
      <cy>9.1923466827892639</cy>
    </calibration>
  </depth_map>
  <depth_map camera_id="66" level="2" path="2/d66.exr">
    <calibration type="frame">
      <resolution width="240" height="135"/>
      <f>132.77502621411236</f>
      <cx>-0.30886683619836219</cx>
      <cy>4.596173341394632</cy>
    </calibration>
  </depth_map>
  <depth_map camera_id="67" level="0" path="0/d67.exr">
    <calibration type="frame">
      <resolution width="960" height="540"/>
      <f>531.10010485644943</f>
      <cx>-1.2354673447934488</cx>
      <cy>18.384693365578528</cy>
    </calibration>
  </depth_map>
  <depth_map camera_id="67" level="1" path="1/d67.exr">
    <calibration type="frame">
      <resolution width="480" height="270"/>
      <f>265.55005242822472</f>
      <cx>-0.61773367239672439</cx>
      <cy>9.1923466827892639</cy>
    </calibration>
  </depth_map>
  <depth_map camera_id="67" level="2" path="2/d67.exr">
    <calibration type="frame">
      <resolution width="240" height="135"/>
      <f>132.77502621411236</f>
      <cx>-0.30886683619836219</cx>
      <cy>4.596173341394632</cy>
    </calibration>
  </depth_map>
  <depth_map camera_id="68" level="0" path="0/d68.exr">
    <calibration type="frame">
      <resolution width="960" height="540"/>
      <f>531.10010485644943</f>
      <cx>-1.2354673447934488</cx>
      <cy>18.384693365578528</cy>
    </calibration>
  </depth_map>
  <depth_map camera_id="68" level="1" path="1/d68.exr">
    <calibration type="frame">
      <resolution width="480" height="270"/>
      <f>265.55005242822472</f>
      <cx>-0.61773367239672439</cx>
      <cy>9.1923466827892639</cy>
    </calibration>
  </depth_map>
  <depth_map camera_id="68" level="2" path="2/d68.exr">
    <calibration type="frame">
      <resolution width="240" height="135"/>
      <f>132.77502621411236</f>
      <cx>-0.30886683619836219</cx>
      <cy>4.596173341394632</cy>
    </calibration>
  </depth_map>
</depth_maps>
